<?xml version="1.0" encoding="UTF-8"?>
<deploy xmlns="http://www.apache.org/ode/schemas/dd/2007/03" xmlns:Test="http://MyTest.com/Test" xmlns:tempuri.org="http://tempuri.org/">
  <process name="Test:Caller">
    <active>true</active>
    <retired>false</retired>
    <process-events generate="all"/>
    <provide partnerLink="client">
      <service name="Test:CallerService" port="CallerPort"/>
    </provide>
    <invoke partnerLink="DSLink">
      <service name="tempuri.org:StatisticService" port="BasicHttpBinding_IStatistic"/>
    </invoke>
  </process>
</deploy>