<?xml version="1.0" encoding="UTF-8"?>
<deploy xmlns="http://www.apache.org/ode/schemas/dd/2007/03" xmlns:sample3="http://eclipse.org/bpel/sample3" xmlns:tempuri.org="http://tempuri.org/" xmlns:validateLogin="http://eclipse.org/bpel/validateLogin">
  <process name="validateLogin:validateLogin">
    <active>true</active>
    <retired>false</retired>
    <process-events generate="all"/>
    <provide partnerLink="client">
      <service name="validateLogin:validateLoginService" port="validateLoginPort"/>
    </provide>
    <invoke partnerLink="DSLink">
      <service name="tempuri.org:AuthenticatorService" port="BasicHttpBinding_IAuthenticator"/>
    </invoke>
  </process>
  <process name="sample3:registerUser">
    <process-events generate="all"/>
    <provide partnerLink="client">
      <service name="sample3:registerUserService" port="registerUserPort"/>
    </provide>
    <invoke partnerLink="DSLink">
      <service name="tempuri.org:AuthenticatorService" port="BasicHttpBinding_IAuthenticator"/>
    </invoke>
  </process>
</deploy>